"Path","File","Date Acquired","Sample","Misc"
"C:\msdchem\1\data\2020\20-02-FEB\","GFA200219MDW_002.d","19 Feb 2020  18:15    ","PT000 sil SAP TLE","5% in 10 nC36 + 10 tol"
"INT FID1A.CH"
"Thu Feb 20 13:17:56 2020"
"Peak","R.T.","Start","End","PK TY","Height","Area","Pct Max","Pct Total"
  1,  3.651,  3.397,  4.429,"BV  ",463295984,49362631754, 27.19, 21.218
  2,  4.768,  4.429,  4.902,"PB  ",1499750902,1.81566e+011,100.00, 78.045
  3,  5.988,  5.956,  6.009,"BV  ", 295276,  3187413,  0.00,  0.001
  4,  6.302,  6.197,  6.363,"BV  ", 420345, 12951240,  0.01,  0.006
  5,  8.595,  8.374,  8.662,"BV  ", 111399,  4576225,  0.00,  0.002
  6,  8.714,  8.662,  8.789,"VB  ", 943603, 17141377,  0.01,  0.007
  7, 10.198, 10.112, 10.291,"BB  ", 347889,  7346497,  0.00,  0.003
  8, 20.126, 20.019, 20.193,"BB  ", 275474,  7829427,  0.00,  0.003
  9, 23.301, 23.181, 23.347,"BV  ", 178184,  4431774,  0.00,  0.002
 10, 23.991, 23.845, 24.033,"BV  ", 156550,  4319880,  0.00,  0.002
 11, 24.185, 24.033, 24.260,"PV  ", 859335, 22233074,  0.01,  0.010
 12, 24.464, 24.341, 24.518,"BV  ", 111834,  3805387,  0.00,  0.002
 13, 25.096, 24.935, 25.139,"BV  ", 137554,  4336617,  0.00,  0.002
 14, 25.245, 25.139, 25.284,"PV  ", 824248, 20949302,  0.01,  0.009
 15, 25.493, 25.361, 25.547,"BB  ", 318559,  8418873,  0.00,  0.004
 16, 26.083, 25.940, 26.136,"BV  ", 485311, 12805609,  0.01,  0.006
 17, 26.447, 26.402, 26.535,"VV  ", 232619,  5925520,  0.00,  0.003
 18, 27.104, 26.891, 27.196,"BV  ",1156992, 31554301,  0.02,  0.014
 19, 27.669, 27.583, 27.727,"BV  ", 130401,  4211875,  0.00,  0.002
 20, 27.964, 27.727, 28.006,"VV  ",4913035,179639129,  0.10,  0.077
 21, 28.052, 28.006, 28.145,"VV  ", 170318,  6582636,  0.00,  0.003
 22, 28.230, 28.145, 28.286,"VB  ", 772806, 20434018,  0.01,  0.009
 23, 28.510, 28.458, 28.554,"VB  ", 245990,  6048091,  0.00,  0.003
 24, 28.892, 28.789, 28.969,"BV  ", 694875, 25460306,  0.01,  0.011
 25, 29.121, 28.969, 29.177,"PV  ", 405083, 11567301,  0.01,  0.005
 26, 29.406, 29.329, 29.467,"VV  ", 179994,  4608807,  0.00,  0.002
 27, 29.653, 29.542, 29.696,"BV  ", 473568, 11813233,  0.01,  0.005
 28, 29.851, 29.774, 29.901,"BV  ", 136062,  4143777,  0.00,  0.002
 29, 30.182, 30.087, 30.264,"BV  ", 149027,  3906208,  0.00,  0.002
 30, 30.580, 30.483, 30.619,"BV  ", 260714,  6606668,  0.00,  0.003
 31, 30.648, 30.619, 30.718,"VB  ", 119812,  2846124,  0.00,  0.001
 32, 31.381, 31.119, 31.436,"PV  ",5222176,155644911,  0.09,  0.067
 33, 31.499, 31.436, 31.628,"VB  ", 317402, 10778450,  0.01,  0.005
 34, 31.697, 31.628, 31.747,"BV  ",1201395, 27428794,  0.02,  0.012
 35, 31.807, 31.747, 31.824,"VV  ", 140641,  3347560,  0.00,  0.001
 36, 31.863, 31.824, 31.910,"VV  ", 494526, 11540221,  0.01,  0.005
 37, 32.199, 32.073, 32.292,"BB  ", 216530,  6300130,  0.00,  0.003
 38, 32.937, 32.887, 32.972,"BV  ", 199435,  4100828,  0.00,  0.002
 39, 33.189, 33.050, 33.274,"BB  ", 140369,  5437686,  0.00,  0.002
 40, 33.455, 33.305, 33.506,"BV  ", 102866,  4223475,  0.00,  0.002
 41, 34.501, 34.342, 34.638,"BV  ",1208336, 35588741,  0.02,  0.015
 42, 34.720, 34.638, 34.774,"VB  ", 186345,  4517472,  0.00,  0.002
 43, 34.872, 34.812, 35.006,"BB  ", 166428,  5834376,  0.00,  0.003
 44, 35.056, 35.014, 35.111,"BV  ", 158417,  3317239,  0.00,  0.001
 45, 35.260, 35.200, 35.399,"BB  ", 282829,  8324236,  0.00,  0.004
 46, 36.007, 35.803, 36.060,"BV  ",2305287, 70987686,  0.04,  0.031
 47, 37.448, 37.278, 37.479,"BV  ",1563145, 42781700,  0.02,  0.018
 48, 37.522, 37.479, 37.640,"VV  ",1309805, 42387095,  0.02,  0.018
 49, 38.097, 38.049, 38.191,"VB  ", 429640, 10078090,  0.01,  0.004
 50, 38.638, 38.567, 38.694,"BB  ", 123331,  3253443,  0.00,  0.001
 51, 38.808, 38.733, 38.871,"BB  ", 626294, 15120908,  0.01,  0.006
 52, 39.181, 39.101, 39.261,"VB  ", 116054,  3409890,  0.00,  0.001
 53, 39.807, 39.693, 39.878,"PV  ", 137010,  5062749,  0.00,  0.002
 54, 40.172, 39.978, 40.216,"PV  ",2055980, 55247627,  0.03,  0.024
 55, 40.411, 40.329, 40.454,"BV  ", 239745,  5194702,  0.00,  0.002
 56, 40.746, 40.515, 40.822,"BB  ", 440741, 12787796,  0.01,  0.005
 57, 41.187, 40.979, 41.239,"BB  ", 189547,  4681005,  0.00,  0.002
 58, 41.442, 41.306, 41.527,"BB  ", 348028,  9120960,  0.01,  0.004
 59, 41.727, 41.654, 41.845,"PB  ", 154031,  6113262,  0.00,  0.003
 60, 42.709, 42.617, 42.794,"VV  ",1250711, 32554644,  0.02,  0.014
 61, 42.970, 42.880, 43.093,"BB  ", 408833, 10790689,  0.01,  0.005
 62, 43.233, 43.118, 43.298,"BV  ", 737193, 17920965,  0.01,  0.008
 63, 43.585, 43.433, 43.660,"BV  ", 502096, 13715003,  0.01,  0.006
 64, 43.910, 43.660, 44.003,"PB  ", 213232,  6833185,  0.00,  0.003
 65, 44.133, 44.023, 44.164,"BV  ", 127584,  1792609,  0.00,  0.001
 66, 44.411, 44.319, 44.532,"BB  ", 193965,  6111408,  0.00,  0.003
 67, 45.105, 45.021, 45.229,"BB  ",1322589, 38930818,  0.02,  0.017
 68, 45.372, 45.259, 45.423,"BB  ", 375682,  9978108,  0.01,  0.004
 69, 45.583, 45.464, 45.677,"BB  ",1769372, 47209735,  0.03,  0.020
 70, 45.848, 45.792, 45.918,"VV  ", 642153, 19495220,  0.01,  0.008
 71, 46.238, 46.175, 46.330,"BV  ", 276090,  8494398,  0.00,  0.004
 72, 46.396, 46.330, 46.449,"VV  ", 156312,  5606948,  0.00,  0.002
 73, 46.541, 46.449, 46.582,"VV  ",1934532, 55856687,  0.03,  0.024
 74, 46.670, 46.634, 46.737,"VV  ", 201980,  5326508,  0.00,  0.002
 75, 47.046, 46.991, 47.105,"PB  ", 188498,  4752667,  0.00,  0.002
 76, 47.198, 47.138, 47.220,"BV  ", 103971,  2685447,  0.00,  0.001
 77, 47.358, 47.293, 47.459,"VV  ",1283263, 39662121,  0.02,  0.017
 78, 47.523, 47.459, 47.581,"VV  ", 403862, 12434955,  0.01,  0.005
 79, 47.629, 47.581, 47.697,"VV  ", 165047,  4811209,  0.00,  0.002
 80, 47.792, 47.697, 47.929,"PB  ",1786650, 52949972,  0.03,  0.023
 81, 47.990, 47.932, 48.025,"BV  ", 153114,  3436387,  0.00,  0.001
 82, 48.255, 48.117, 48.369,"BB  ", 908793, 28631302,  0.02,  0.012
 83, 48.488, 48.408, 48.560,"BB  ", 214787,  8244369,  0.00,  0.004
 84, 48.884, 48.679, 48.989,"PV  ",4063704,175317645,  0.10,  0.075
 85, 49.743, 49.628, 49.822,"BV  ",1037773, 34886681,  0.02,  0.015
 86, 49.887, 49.822, 49.949,"VB  ", 102788,  4198416,  0.00,  0.002
 87, 50.205, 50.133, 50.267,"VV  ", 523737, 17552099,  0.01,  0.008
 88, 51.105, 50.970, 51.252,"BB  ", 113728,  5474730,  0.00,  0.002
 89, 52.663, 52.544, 52.735,"BV  ", 163182,  6041914,  0.00,  0.003
"Path","File","Date Acquired","Sample","Misc"
"C:\msdchem\1\data\2020\20-02-FEB\","GFA200219MDW_003.d","19 Feb 2020  19:44    ","PT010 sil SAP TLE","5% in 10 nC36 + 10 tol"
"INT FID1A.CH"
"Thu Feb 20 13:22:35 2020"
"Peak","R.T.","Start","End","PK TY","Height","Area","Pct Max","Pct Total"
  1,  3.654,  3.400,  4.431,"BV  ",332938175,35929773761, 21.02, 17.289
  2,  4.807,  4.431,  4.902,"PB  ",1428075394,1.709e+011,100.00, 82.236
  3,  6.004,  5.779,  6.025,"BV  ", 264615,   876461,  0.00,  0.000
  4,  6.313,  6.211,  6.440,"BB  ", 282073,  9113859,  0.01,  0.004
  5,  8.724,  8.668,  8.795,"VB  ", 711747, 12784734,  0.01,  0.006
  6, 10.208, 10.117, 10.305,"BB  ", 245519,  5317815,  0.00,  0.003
  7, 20.127, 20.019, 20.213,"BB  ", 136367,  3963630,  0.00,  0.002
  8, 24.179, 24.025, 24.249,"VB  ", 314590,  9026037,  0.01,  0.004
  9, 25.240, 25.143, 25.301,"PB  ", 496520, 12656830,  0.01,  0.006
 10, 25.492, 25.364, 25.544,"BB  ", 170975,  4435390,  0.00,  0.002
 11, 26.079, 25.937, 26.142,"BB  ", 212638,  5378942,  0.00,  0.003
 12, 26.448, 26.338, 26.568,"BB  ", 409522, 10533731,  0.01,  0.005
 13, 26.967, 26.858, 27.008,"BV  ", 109104,  3020080,  0.00,  0.001
 14, 27.093, 27.008, 27.149,"VB  ", 352378,  9054741,  0.01,  0.004
 15, 27.953, 27.802, 27.995,"BV  ",4015694,136750208,  0.08,  0.066
 16, 28.221, 28.137, 28.297,"BB  ", 229506,  6999285,  0.00,  0.003
 17, 28.509, 28.455, 28.550,"VV  ", 167880,  3898677,  0.00,  0.002
 18, 28.870, 28.790, 28.967,"BB  ", 258115,  7017290,  0.00,  0.003
 19, 29.116, 29.011, 29.171,"BV  ", 173632,  5107067,  0.00,  0.002
 20, 29.406, 29.171, 29.456,"PB  ", 110449,  3914548,  0.00,  0.002
 21, 29.647, 29.503, 29.750,"BB  ", 187751,  4994933,  0.00,  0.002
 22, 29.848, 29.786, 29.899,"BV  ", 135731,  3585072,  0.00,  0.002
 23, 31.376, 31.243, 31.426,"VV  ",4147737,130249208,  0.08,  0.063
 24, 31.494, 31.426, 31.609,"VB  ", 131279,  5133511,  0.00,  0.002
 25, 31.685, 31.609, 31.736,"BV  ", 325325,  7697839,  0.00,  0.004
 26, 32.996, 32.960, 33.056,"VV  ", 216994,  4822397,  0.00,  0.002
 27, 34.491, 34.378, 34.635,"BB  ", 622583, 16583260,  0.01,  0.008
 28, 35.645, 35.546, 35.750,"BB  ", 346466,  8158494,  0.00,  0.004
 29, 35.927, 35.750, 35.945,"BV  ", 433996, 10065400,  0.01,  0.005
 30, 35.995, 35.945, 36.055,"VB  ",1460474, 39138822,  0.02,  0.019
 31, 36.245, 36.121, 36.301,"BV  ", 111682,  3795673,  0.00,  0.002
 32, 37.428, 37.332, 37.466,"VV  ", 770605, 20004546,  0.01,  0.010
 33, 37.507, 37.466, 37.629,"VV  ", 405112, 14677995,  0.01,  0.007
 34, 38.640, 38.512, 38.694,"BB  ", 365782,  8726245,  0.01,  0.004
 35, 38.801, 38.738, 38.868,"BB  ", 191521,  4944081,  0.00,  0.002
 36, 39.640, 39.560, 39.696,"BV  ", 228812,  5477033,  0.00,  0.003
 37, 40.154, 40.017, 40.213,"BV  ",1023657, 25191176,  0.01,  0.012
 38, 40.406, 40.304, 40.501,"BB  ", 152607,  3619093,  0.00,  0.002
 39, 41.192, 41.082, 41.264,"BB  ", 601223, 14216240,  0.01,  0.007
 40, 41.441, 41.345, 41.538,"BB  ", 162193,  4326656,  0.00,  0.002
 41, 42.103, 42.039, 42.200,"VB  ", 309318,  8146078,  0.00,  0.004
 42, 42.404, 42.310, 42.501,"BB  ", 120894,  3007831,  0.00,  0.001
 43, 42.699, 42.501, 42.797,"BB  ", 650972, 17157749,  0.01,  0.008
 44, 42.965, 42.855, 43.000,"BV  ", 201852,  3403501,  0.00,  0.002
 45, 43.598, 43.450, 43.652,"BV  ",1430666, 34828189,  0.02,  0.017
 46, 43.913, 43.777, 44.014,"BB  ", 116053,  3516826,  0.00,  0.002
 47, 44.419, 44.297, 44.521,"BB  ", 273634,  7126671,  0.00,  0.003
 48, 44.723, 44.604, 44.820,"BB  ", 123283,  3230783,  0.00,  0.002
 49, 44.893, 44.820, 44.986,"BB  ", 134531,  4258588,  0.00,  0.002
 50, 45.092, 45.002, 45.160,"BV  ", 762186, 20526955,  0.01,  0.010
 51, 45.206, 45.160, 45.293,"VB  ", 133941,  3715407,  0.00,  0.002
 52, 45.367, 45.304, 45.459,"BB  ", 241158,  6136050,  0.00,  0.003
 53, 45.553, 45.464, 45.644,"BB  ", 209282,  5808598,  0.00,  0.003
 54, 45.852, 45.672, 45.907,"BB  ",1245907, 34674452,  0.02,  0.017
 55, 46.237, 46.178, 46.327,"BV  ", 153632,  4325687,  0.00,  0.002
 56, 46.534, 46.444, 46.574,"BV  ",1663474, 43353220,  0.03,  0.021
 57, 46.607, 46.574, 46.715,"VB  ", 200291,  5419645,  0.00,  0.003
 58, 46.911, 46.715, 46.980,"BV  ", 129940,  7810784,  0.00,  0.004
 59, 47.267, 47.105, 47.293,"BV  ",  96195,  2310213,  0.00,  0.001
 60, 47.343, 47.293, 47.448,"VB  ", 498444, 15209240,  0.01,  0.007
 61, 47.622, 47.564, 47.702,"BV  ", 114183,  3475206,  0.00,  0.002
 62, 47.760, 47.702, 47.846,"PB  ", 167321,  5119465,  0.00,  0.002
 63, 47.993, 47.860, 48.087,"BB  ", 543802, 15368272,  0.01,  0.007
 64, 48.490, 48.342, 48.596,"BB  ", 103815,  4776833,  0.00,  0.002
 65, 48.865, 48.627, 48.992,"BB  ",3222786,132462210,  0.08,  0.064
 66, 49.721, 49.598, 49.797,"BB  ", 220122,  6902662,  0.00,  0.003
"Path","File","Date Acquired","Sample","Misc"
"C:\msdchem\1\data\2020\20-02-FEB\","GFA200219MDW_004.d","19 Feb 2020  21:13    ","PT025 sil SAP TLE","5% in 10 nC36 + 10 tol"
"INT FID1A.CH"
"Thu Feb 20 13:22:52 2020"
"Peak","R.T.","Start","End","PK TY","Height","Area","Pct Max","Pct Total"
  1,  3.652,  3.395,  4.429,"BV  ",389921318,41744340542,  3.95,  3.799
  2,  4.871,  4.429,  5.703,"VV  ",2326367189,1.05646e+012,100.00, 96.148
  3,  6.003,  5.779,  6.025,"BV  ", 315504,  3928421,  0.00,  0.000
  4,  6.313,  6.075,  6.448,"PB  ", 380073, 12421950,  0.00,  0.001
  5,  8.723,  8.669,  8.833,"VB  ", 771485, 14044473,  0.00,  0.001
  6, 10.208, 10.123, 10.322,"BB  ", 260368,  5957631,  0.00,  0.001
  7, 12.761, 12.701, 12.867,"BB  ", 105978,  2153531,  0.00,  0.000
  8, 24.175, 24.044, 24.233,"BV  ", 184000,  5376054,  0.00,  0.000
  9, 25.236, 25.146, 25.278,"BV  ", 174256,  4467318,  0.00,  0.000
 10, 26.077, 25.987, 26.138,"BB  ", 107056,  3006076,  0.00,  0.000
 11, 27.090, 27.003, 27.198,"VB  ", 177322,  5183085,  0.00,  0.000
 12, 27.936, 27.713, 27.987,"PV  ",2861067, 95891736,  0.01,  0.009
 13, 28.877, 28.781, 28.964,"BV  ", 163151,  6142030,  0.00,  0.001
 14, 29.647, 29.539, 29.691,"BV  ", 110667,  2909121,  0.00,  0.000
 15, 31.363, 31.155, 31.420,"BV  ",3306345, 95052427,  0.01,  0.009
 16, 31.488, 31.420, 31.581,"VB  ", 168756,  4742746,  0.00,  0.000
 17, 34.486, 34.370, 34.597,"BB  ", 237463,  9784178,  0.00,  0.001
 18, 35.985, 35.786, 36.046,"BB  ", 850264, 21577776,  0.00,  0.002
 19, 37.415, 37.120, 37.460,"BV  ", 299757,  8213524,  0.00,  0.001
 20, 38.093, 38.048, 38.199,"VB  ", 162944,  3886103,  0.00,  0.000
 21, 40.146, 39.969, 40.207,"PV  ", 545551, 12923819,  0.00,  0.001
 22, 40.742, 40.689, 40.849,"BB  ", 163328,  5401534,  0.00,  0.000
 23, 42.690, 42.618, 42.797,"VB  ", 365662,  9633263,  0.00,  0.001
 24, 42.960, 42.880, 43.068,"BB  ", 150927,  3778270,  0.00,  0.000
 25, 43.220, 43.151, 43.284,"BV  ", 246745,  6009436,  0.00,  0.001
 26, 45.082, 45.010, 45.146,"BV  ", 390975, 10082663,  0.00,  0.001
 27, 45.358, 45.287, 45.414,"BB  ", 159829,  3818865,  0.00,  0.000
 28, 45.554, 45.481, 45.652,"BB  ", 437215, 11008636,  0.00,  0.001
 29, 45.832, 45.785, 45.912,"VB  ", 126506,  3732394,  0.00,  0.000
 30, 46.529, 46.438, 46.620,"BV  ",1750998, 45562029,  0.00,  0.004
 31, 47.332, 47.283, 47.439,"VV  ", 300067,  8966280,  0.00,  0.001
 32, 47.760, 47.683, 47.824,"PV  ", 542971, 14528538,  0.00,  0.001
 33, 48.867, 48.596, 48.908,"BV  ",3508434,135462682,  0.01,  0.012
 34, 49.710, 49.553, 49.786,"BV  ", 185180,  6061725,  0.00,  0.001
 35, 50.181, 50.119, 50.256,"VB  ", 132377,  4474362,  0.00,  0.000
"Path","File","Date Acquired","Sample","Misc"
"C:\msdchem\1\data\2020\20-02-FEB\","GFA200219MDW_005.d","19 Feb 2020  22:42    ","PT045 sil SAP TLE","5% in 10 nC36 + 10 tol"
"INT FID1A.CH"
"Thu Feb 20 13:30:29 2020"
"Peak","R.T.","Start","End","PK TY","Height","Area","Pct Max","Pct Total"
  1,  3.650,  3.404,  3.832,"BV  ",299386341,29045694391,  2.73,  2.649
  2,  3.844,  3.832,  4.433,"VV  ",47259865,4341795786,  0.41,  0.396
  3,  4.855,  4.433,  5.703,"VV  ",2326364764,1.06278e+012,100.00, 96.924
  4,  6.008,  5.785,  6.030,"BV  ", 254014,   859244,  0.00,  0.000
  5,  6.315,  6.216,  6.381,"BV  ", 240449,  7336714,  0.00,  0.001
  6,  8.726,  8.669,  8.845,"VB  ", 730759, 13316569,  0.00,  0.001
  7, 10.212, 10.151, 10.322,"BB  ", 256813,  5763162,  0.00,  0.001
  8, 24.174, 24.095, 24.244,"BV  ", 121056,  3146777,  0.00,  0.000
  9, 27.089, 27.033, 27.199,"VB  ", 118639,  3196350,  0.00,  0.000
 10, 27.936, 27.802, 27.990,"BV  ",2791317, 84093163,  0.01,  0.008
 11, 28.892, 28.792, 28.953,"BV  ", 309701,  9002508,  0.00,  0.001
 12, 30.645, 30.610, 30.712,"VB  ", 115333,  2708265,  0.00,  0.000
 13, 31.339, 31.155, 31.415,"BV  ",1231316, 36917957,  0.00,  0.003
 14, 31.855, 31.742, 31.908,"BV  ", 209047,  4799728,  0.00,  0.000
 15, 35.972, 35.922, 36.048,"   M",  75555,  2214354,  0.00,  0.000
 16, 42.957, 42.875, 43.008,"BV  ", 129372,  3367521,  0.00,  0.000
 17, 43.217, 43.157, 43.290,"BV  ", 139950,  3353100,  0.00,  0.000
 18, 45.355, 45.132, 45.409,"VB  ", 130116,  3570015,  0.00,  0.000
 19, 45.548, 45.464, 45.669,"BB  ", 215504,  5673037,  0.00,  0.001
 20, 46.520, 46.399, 46.615,"BV  ",1323969, 33374837,  0.00,  0.003
 21, 47.754, 47.694, 47.877,"BB  ", 268050,  7716027,  0.00,  0.001
 22, 48.854, 48.607, 48.901,"BV  ",2959931,113553207,  0.01,  0.010
"Path","File","Date Acquired","Sample","Misc"
"C:\msdchem\1\data\2020\20-02-FEB\","GFA200219MDW_006.d","20 Feb 2020   0:11    ","PT075 sil SAP TLE","5% in 10 nC36 + 10 tol"
"INT FID1A.CH"
"Thu Feb 20 13:26:51 2020"
"Peak","R.T.","Start","End","PK TY","Height","Area","Pct Max","Pct Total"
  1,  3.639,  3.389,  4.428,"BV  ",366377437,39576051770,  3.74,  3.599
  2,  4.865,  4.428,  5.710,"VV  ",2326368747,1.05956e+012,100.00, 96.362
  3,  6.006,  5.974,  6.085,"BB  ", 284743,  4490040,  0.00,  0.000
  4,  6.314,  6.212,  6.433,"BB  ", 211295,  6876058,  0.00,  0.001
  5,  8.725,  8.674,  8.824,"VB  ", 733236, 13349465,  0.00,  0.001
  6, 10.208, 10.141, 10.318,"BB  ", 219883,  4739260,  0.00,  0.000
  7, 27.937, 27.803, 27.997,"BV  ",2791183, 90089838,  0.01,  0.008
  8, 31.366, 31.162, 31.422,"BV  ",3379880,101841932,  0.01,  0.009
  9, 35.973, 35.865, 36.075,"BB  ", 210401,  5835966,  0.00,  0.001
 10, 42.957, 42.876, 43.064,"BB  ", 113928,  2848490,  0.00,  0.000
 11, 43.217, 43.147, 43.285,"BV  ", 160667,  3846495,  0.00,  0.000
 12, 45.076, 45.012, 45.200,"BB  ", 106679,  3263470,  0.00,  0.000
 13, 45.355, 45.222, 45.460,"BB  ", 119383,  2956282,  0.00,  0.000
 14, 45.549, 45.476, 45.676,"BB  ", 308171,  7779451,  0.00,  0.001
 15, 45.829, 45.782, 45.903,"VV  ", 129448,  3326826,  0.00,  0.000
 16, 46.526, 46.434, 46.616,"BV  ",1676895, 43323366,  0.00,  0.004
 17, 47.755, 47.679, 47.895,"PB  ", 386656, 11093952,  0.00,  0.001
 18, 48.861, 48.603, 48.902,"BV  ",3259117,125694361,  0.01,  0.011
"Path","File","Date Acquired","Sample","Misc"
"C:\msdchem\1\data\2020\20-02-FEB\","GFA200219MDW_007.d","20 Feb 2020   1:40    ","PT095 sil SAP TLE","5% in 10 nC36 + 10 tol"
"INT FID1A.CH"
"Thu Feb 20 13:23:54 2020"
"Peak","R.T.","Start","End","PK TY","Height","Area","Pct Max","Pct Total"
  1,  3.647,  3.401,  3.828,"BV  ",394464552,37784384260, 16.64, 14.245
  2,  4.579,  4.430,  4.981,"PB  ",750552668,2.27014e+011,100.00, 85.587
  3,  5.993,  5.955,  6.066,"BB  ", 286178,  4480910,  0.00,  0.002
  4,  6.303,  6.204,  6.417,"BB  ", 239095,  7743370,  0.00,  0.003
  5,  8.719,  8.663,  8.793,"VB  ", 774170, 14118798,  0.01,  0.005
  6, 10.204, 10.130, 10.285,"BB  ", 217392,  4692447,  0.00,  0.002
  7, 24.173, 24.074, 24.215,"BV  ", 104622,  2794008,  0.00,  0.001
  8, 27.913, 27.800, 27.964,"BB  ",1427810, 40837246,  0.02,  0.015
  9, 28.889, 28.758, 28.949,"BB  ", 202473,  5986752,  0.00,  0.002
 10, 31.342, 31.203, 31.405,"BV  ",1599559, 43919036,  0.02,  0.017
 11, 34.484, 34.380, 34.502,"BV  ", 213167,  4915386,  0.00,  0.002
 12, 34.524, 34.502, 34.590,"VB  ", 253141,  5841349,  0.00,  0.002
 13, 35.984, 35.857, 36.051,"BB  ", 953450, 23295176,  0.01,  0.009
 14, 37.413, 37.296, 37.453,"BV  ", 216710,  5775489,  0.00,  0.002
 15, 37.497, 37.453, 37.617,"VB  ", 200892,  6497858,  0.00,  0.002
 16, 38.089, 38.045, 38.139,"VB  ", 113579,  2660384,  0.00,  0.001
 17, 40.139, 40.076, 40.209,"BB  ", 328173,  7737459,  0.00,  0.003
 18, 40.737, 40.546, 40.818,"BB  ", 138097,  4126293,  0.00,  0.002
 19, 42.687, 42.621, 42.768,"BB  ", 268244,  6579315,  0.00,  0.002
 20, 43.216, 43.125, 43.283,"BV  ", 244245,  5809509,  0.00,  0.002
 21, 45.079, 44.979, 45.145,"BB  ", 332107,  8161445,  0.00,  0.003
 22, 45.549, 45.463, 45.637,"BB  ", 400051,  9863617,  0.00,  0.004
 23, 46.529, 46.439, 46.619,"VV  ",1847956, 50179149,  0.02,  0.019
 24, 47.328, 47.109, 47.433,"BB  ", 306016,  9474776,  0.00,  0.004
 25, 47.757, 47.676, 47.817,"BV  ", 464126, 12290916,  0.01,  0.005
 26, 48.866, 48.692, 48.977,"BV  ",3625347,143223777,  0.06,  0.054
 27, 49.709, 49.605, 49.784,"BB  ", 246992,  8064922,  0.00,  0.003
 28, 50.181, 50.114, 50.249,"VB  ", 157046,  5042640,  0.00,  0.002
"Path","File","Date Acquired","Sample","Misc"
"C:\msdchem\1\data\2020\20-02-FEB\","GFA200219MDW_008.d","20 Feb 2020   3:09    ","PT135 sil SAP TLE","5% in 10 nC36 + 10 tol"
"INT FID1A.CH"
"Thu Feb 20 13:24:19 2020"
"Peak","R.T.","Start","End","PK TY","Height","Area","Pct Max","Pct Total"
  1,  3.646,  3.390,  3.826,"BV  ",375462274,36674811636,  3.54,  3.397
  2,  3.844,  3.826,  4.430,"VV  ",62227552,5586050727,  0.54,  0.517
  3,  4.919,  4.430,  5.692,"VV  ",2326362409,1.03683e+012,100.00, 96.041
  4,  5.993,  5.956,  6.067,"BB  ", 285459,  4667013,  0.00,  0.000
  5,  6.301,  6.200,  6.365,"BV  ", 135092,  4107062,  0.00,  0.000
  6,  8.724,  8.662,  8.834,"VB  ", 844894, 15530467,  0.00,  0.001
  7, 10.215, 10.128, 10.333,"BB  ", 457920, 10257384,  0.00,  0.001
  8, 24.174, 24.095, 24.222,"BV  ", 143091,  3718614,  0.00,  0.000
  9, 27.918, 27.807, 27.968,"BB  ",1707508, 49425728,  0.00,  0.005
 10, 28.889, 28.787, 28.953,"BV  ", 186521,  5536194,  0.00,  0.001
 11, 31.347, 31.199, 31.410,"BV  ",2016929, 53793234,  0.01,  0.005
 12, 31.852, 31.747, 31.908,"BB  ", 304028,  7314375,  0.00,  0.001
 13, 34.485, 34.409, 34.608,"BB  ", 213689,  8489769,  0.00,  0.001
 14, 35.985, 35.870, 36.074,"BB  ", 982617, 23441539,  0.00,  0.002
 15, 37.413, 37.292, 37.459,"BV  ", 240595,  5820038,  0.00,  0.001
 16, 40.141, 40.075, 40.269,"BB  ", 408630,  9812835,  0.00,  0.001
 17, 40.740, 40.556, 40.850,"BB  ", 149325,  4720222,  0.00,  0.000
 18, 42.688, 42.620, 42.797,"VB  ", 232970,  6116699,  0.00,  0.001
 19, 43.219, 43.151, 43.284,"BV  ", 257943,  5860523,  0.00,  0.001
 20, 45.080, 44.977, 45.204,"BB  ", 271799,  7618707,  0.00,  0.001
 21, 45.550, 45.481, 45.652,"BB  ", 401081,  9857514,  0.00,  0.001
 22, 46.532, 46.438, 46.615,"BV  ",1796988, 49975308,  0.00,  0.005
 23, 47.329, 47.282, 47.440,"VV  ", 240232,  7274675,  0.00,  0.001
 24, 47.510, 47.440, 47.569,"VV  ", 115460,  3698917,  0.00,  0.000
 25, 47.759, 47.678, 47.916,"PB  ", 500372, 14327364,  0.00,  0.001
 26, 48.240, 48.098, 48.364,"BB  ", 483069, 13544111,  0.00,  0.001
 27, 48.869, 48.613, 48.984,"BV  ",3611792,148571127,  0.01,  0.014
 28, 49.710, 49.576, 49.791,"BV  ", 175735,  5511489,  0.00,  0.001
 29, 50.180, 50.122, 50.256,"VV  ", 152363,  5150817,  0.00,  0.000
"Path","File","Date Acquired","Sample","Misc"
"C:\msdchem\1\data\2020\20-02-FEB\","GFA200219MDW_009.d","20 Feb 2020   4:37    ","PT145 sil SAP TLE","5% in 10 nC36 + 10 tol"
"INT FID1A.CH"
"Thu Feb 20 13:28:27 2020"
"Peak","R.T.","Start","End","PK TY","Height","Area","Pct Max","Pct Total"
  1,  3.652,  3.396,  3.831,"BV  ",296925340,28618878599,  2.68,  2.602
  2,  3.844,  3.831,  4.428,"VV  ",46477872,4378733651,  0.41,  0.398
  3,  4.888,  4.428,  5.764,"VB  ",2326370880,1.06655e+012,100.00, 96.976
  4,  6.017,  5.979,  6.128,"BB  ", 275245,  4295101,  0.00,  0.000
  5,  6.321,  6.222,  6.454,"BB  ", 144922,  4655711,  0.00,  0.000
  6,  8.734,  8.672,  8.845,"VB  ", 708486, 12981650,  0.00,  0.001
  7, 10.217, 10.167, 10.328,"BB  ", 180441,  3914228,  0.00,  0.000
  8, 27.912, 27.808, 28.001,"BV  ",1156518, 29227222,  0.00,  0.003
  9, 28.890, 28.792, 28.947,"BB  ", 181401,  4775107,  0.00,  0.000
 10, 31.320, 31.199, 31.437,"BB  ", 196399,  6464937,  0.00,  0.001
 11, 34.526, 34.420, 34.625,"BB  ", 248968,  7172833,  0.00,  0.001
 12, 35.964, 35.919, 36.041,"   M",  23225,   743963,  0.00,  0.000
 13, 43.217, 43.151, 43.279,"BV  ", 168406,  4038940,  0.00,  0.000
 14, 45.548, 45.481, 45.653,"BB  ", 280243,  6951276,  0.00,  0.001
 15, 46.525, 46.311, 46.604,"BV  ",1592031, 42496390,  0.00,  0.004
 16, 47.754, 47.683, 47.820,"BV  ", 346996,  9900663,  0.00,  0.001
 17, 48.855, 48.596, 48.973,"BV  ",3001964,113944828,  0.01,  0.010
 18, 50.180, 50.112, 50.251,"VB  ", 115918,  3780439,  0.00,  0.000
